well_id,formation_name,top_depth_m,bottom_depth_m
W001,Claystone,0,791
W001,Shale,791,1906
W001,Sandstone,1906,3090
W001,Limestone,3090,3470
W002,Claystone,0,785
W002,Shale,785,1880
W002,Sandstone,1880,3083
W002,Limestone,3083,3450
W003,Claystone,0,867
W003,Shale,867,2190
W003,Sandstone,2190,3427
W003,Limestone,3427,3850
W004,Claystone,0,822
W004,Shale,822,2009
W004,Sandstone,2009,3180
W004,Limestone,3180,3590
W005,Claystone,0,782
W005,Shale,782,2008
W005,Sandstone,2008,3176
W005,Limestone,3176,3560
W006,Claystone,0,821
W006,Shale,821,2260
W006,Sandstone,2260,3521
W006,Limestone,3521,3960
W007,Claystone,0,764
W007,Shale,764,1841
W007,Sandstone,1841,3025
W007,Limestone,3025,3400
W008,Claystone,0,838
W008,Shale,838,2020
W008,Sandstone,2020,3271
W008,Limestone,3271,3690
W009,Claystone,0,743
W009,Shale,743,1783
W009,Sandstone,1783,2817
W009,Limestone,2817,3180
W010,Claystone,0,708
W010,Shale,708,1859
W010,Sandstone,1859,2895
W010,Limestone,2895,3260
W011,Claystone,0,756
W011,Shale,756,1993
W011,Sandstone,1993,3213
W011,Limestone,3213,3620
W012,Shale,0,2036
W012,Sandstone,2036,3163
W012,Limestone,3163,3580
W013,Claystone,0,733
W013,Shale,733,1805
W013,Sandstone,1805,2954
W013,Limestone,2954,3320
W014,Claystone,0,792
W014,Shale,792,1864
W014,Sandstone,1864,2995
W014,Limestone,2995,3360
W015,Claystone,0,744
W015,Shale,744,1806
W015,Sandstone,1806,2869
W015,Limestone,2869,3230
W016,Claystone,0,888
W016,Shale,888,2246
W016,Sandstone,2246,3482
W016,Limestone,3482,3930
W017,Shale,0,1736
W017,Sandstone,1736,2851
W017,Limestone,2851,3220
W018,Claystone,0,911
W018,Shale,911,2129
W018,Sandstone,2129,3454
W018,Limestone,3454,3890
W019,Claystone,0,915
W019,Shale,915,2095
W019,Sandstone,2095,3429
W019,Limestone,3429,3840
W020,Claystone,0,741
W020,Shale,741,1957
W020,Sandstone,1957,3100
W020,Limestone,3100,3500
W021,Shale,0,2043
W021,Sandstone,2043,3211
W021,Limestone,3211,3590
W022,Shale,0,2118
W022,Sandstone,2118,3423
W022,Limestone,3423,3850
W023,Claystone,0,851
W023,Shale,851,2112
W023,Sandstone,2112,3463
W023,Limestone,3463,3880
W024,Shale,0,2141
W024,Sandstone,2141,3506
W024,Limestone,3506,3960
W025,Claystone,0,735
W025,Shale,735,1937
W025,Sandstone,1937,3106
W025,Limestone,3106,3500
W026,Shale,0,1873
W026,Sandstone,1873,3040
W026,Limestone,3040,3440
W027,Claystone,0,854
W027,Shale,854,2120
W027,Sandstone,2120,3474
W027,Limestone,3474,3890
W028,Shale,0,1925
W028,Sandstone,1925,3015
W028,Limestone,3015,3400
W029,Claystone,0,801
W029,Shale,801,1877
W029,Sandstone,1877,3009
W029,Limestone,3009,3380
W030,Claystone,0,717
W030,Shale,717,1751
W030,Sandstone,1751,2876
W030,Limestone,2876,3230
W031,Claystone,0,943
W031,Shale,943,2232
W031,Sandstone,2232,3586
W031,Limestone,3586,4020
W032,Claystone,0,823
W032,Shale,823,2138
W032,Sandstone,2138,3367
W032,Limestone,3367,3790
W033,Claystone,0,899
W033,Shale,899,2207
W033,Sandstone,2207,3507
W033,Limestone,3507,3950
W034,Shale,0,1931
W034,Sandstone,1931,3150
W034,Limestone,3150,3560
W035,Shale,0,2149
W035,Sandstone,2149,3411
W035,Limestone,3411,3840
W036,Shale,0,1737
W036,Sandstone,1737,2858
W036,Limestone,2858,3220
W037,Claystone,0,823
W037,Shale,823,1945
W037,Sandstone,1945,3092
W037,Limestone,3092,3480
W038,Claystone,0,708
W038,Shale,708,1827
W038,Sandstone,1827,2893
W038,Limestone,2893,3240
W039,Claystone,0,687
W039,Shale,687,1790
W039,Sandstone,1790,2878
W039,Limestone,2878,3220
W040,Claystone,0,767
W040,Shale,767,1848
W040,Sandstone,1848,2965
W040,Limestone,2965,3320
W041,Claystone,0,743
W041,Shale,743,1893
W041,Sandstone,1893,3007
W041,Limestone,3007,3390
W042,Claystone,0,715
W042,Shale,715,1759
W042,Sandstone,1759,2903
W042,Limestone,2903,3250
W043,Claystone,0,839
W043,Shale,839,2139
W043,Sandstone,2139,3409
W043,Limestone,3409,3850
W044,Claystone,0,677
W044,Shale,677,1787
W044,Sandstone,1787,2933
W044,Limestone,2933,3280
W045,Claystone,0,601
W045,Sandstone,601,1765
W045,Shale,1765,2583
W045,Limestone,2583,3440
W046,Claystone,0,523
W046,Sandstone,523,1643
W046,Shale,1643,2347
W046,Limestone,2347,3160
W047,Claystone,0,649
W047,Sandstone,649,1961
W047,Shale,1961,2817
W047,Limestone,2817,3830
W048,Claystone,0,631
W048,Sandstone,631,1984
W048,Shale,1984,2930
W048,Limestone,2930,3910
W049,Claystone,0,626
W049,Sandstone,626,2009
W049,Shale,2009,2921
W049,Limestone,2921,3870
W050,Claystone,0,541
W050,Sandstone,541,1656
W050,Shale,1656,2425
W050,Limestone,2425,3240
W051,Claystone,0,689
W051,Sandstone,689,1954
W051,Shale,1954,2856
W051,Limestone,2856,3840
W052,Claystone,0,556
W052,Sandstone,556,1648
W052,Shale,1648,2433
W052,Limestone,2433,3250
W053,Claystone,0,517
W053,Sandstone,517,1670
W053,Shale,1670,2352
W053,Limestone,2352,3220
W054,Claystone,0,708
W054,Sandstone,708,2014
W054,Shale,2014,2880
W054,Limestone,2880,3910
W055,Claystone,0,636
W055,Sandstone,636,2052
W055,Shale,2052,2921
W055,Limestone,2921,3910
W056,Claystone,0,636
W056,Sandstone,636,1788
W056,Shale,1788,2557
W056,Limestone,2557,3490
W057,Sandstone,0,1649
W057,Shale,1649,2352
W057,Limestone,2352,3160
W058,Claystone,0,635
W058,Sandstone,635,1737
W058,Shale,1737,2534
W058,Limestone,2534,3410
W059,Claystone,0,639
W059,Sandstone,639,1800
W059,Shale,1800,2578
W059,Limestone,2578,3470
W060,Sandstone,0,1727
W060,Shale,1727,2511
W060,Limestone,2511,3430
W061,Claystone,0,551
W061,Sandstone,551,1648
W061,Shale,1648,2336
W061,Limestone,2336,3180
W062,Sandstone,0,1812
W062,Shale,1812,2609
W062,Limestone,2609,3510
W063,Claystone,0,612
W063,Sandstone,612,1808
W063,Shale,1808,2584
W063,Limestone,2584,3450
W064,Sandstone,0,1723
W064,Shale,1723,2499
W064,Limestone,2499,3410
W065,Claystone,0,643
W065,Sandstone,643,1858
W065,Shale,1858,2708
W065,Limestone,2708,3660
W066,Claystone,0,642
W066,Sandstone,642,1862
W066,Shale,1862,2676
W066,Limestone,2676,3610
W067,Claystone,0,593
W067,Sandstone,593,1705
W067,Shale,1705,2473
W067,Limestone,2473,3280
W068,Sandstone,0,1997
W068,Shale,1997,2826
W068,Limestone,2826,3870
W069,Shale,0,1495
W069,Limestone,1495,2692
W069,Sandstone,2692,3060
W070,Claystone,0,487
W070,Shale,487,1683
W070,Limestone,1683,3070
W070,Sandstone,3070,3490
W071,Shale,0,1705
W071,Limestone,1705,3211
W071,Sandstone,3211,3630
W072,Claystone,0,513
W072,Shale,513,1549
W072,Limestone,1549,2735
W072,Sandstone,2735,3110
W073,Shale,0,1679
W073,Limestone,1679,3018
W073,Sandstone,3018,3430
W074,Claystone,0,487
W074,Shale,487,1637
W074,Limestone,1637,2867
W074,Sandstone,2867,3280
W075,Shale,0,1453
W075,Limestone,1453,2561
W075,Sandstone,2561,2910
W076,Claystone,0,526
W076,Shale,526,1606
W076,Limestone,1606,2828
W076,Sandstone,2828,3220
W077,Claystone,0,465
W077,Shale,465,1476
W077,Limestone,1476,2721
W077,Sandstone,2721,3080
W078,Shale,0,1691
W078,Limestone,1691,3161
W078,Sandstone,3161,3600
W079,Claystone,0,462
W079,Shale,462,1537
W079,Limestone,1537,2881
W079,Sandstone,2881,3260
W080,Claystone,0,558
W080,Shale,558,1786
W080,Limestone,1786,3193
W080,Sandstone,3193,3650
W081,Claystone,0,534
W081,Shale,534,1732
W081,Limestone,1732,3108
W081,Sandstone,3108,3550
W082,Claystone,0,531
W082,Shale,531,1711
W082,Limestone,1711,3065
W082,Sandstone,3065,3470
W083,Shale,0,1723
W083,Limestone,1723,3182
W083,Sandstone,3182,3640
W084,Claystone,0,472
W084,Shale,472,1497
W084,Limestone,1497,2830
W084,Sandstone,2830,3210
W085,Claystone,0,453
W085,Shale,453,1376
W085,Limestone,1376,2577
W085,Sandstone,2577,2920
W086,Claystone,0,488
W086,Shale,488,1747
W086,Limestone,1747,3045
W086,Sandstone,3045,3470
W087,Claystone,0,572
W087,Shale,572,1766
W087,Limestone,1766,3141
W087,Sandstone,3141,3590
W088,Claystone,0,525
W088,Shale,525,1708
W088,Limestone,1708,2998
W088,Sandstone,2998,3430
W089,Conglomerate,0,352
W089,Sandstone,352,1390
W089,Shale,1390,2450
W089,Limestone,2450,2800
W090,Conglomerate,0,358
W090,Sandstone,358,1292
W090,Shale,1292,2418
W090,Limestone,2418,2760
W091,Conglomerate,0,464
W091,Sandstone,464,1620
W091,Shale,1620,2894
W091,Limestone,2894,3310
W092,Conglomerate,0,334
W092,Sandstone,334,1350
W092,Shale,1350,2479
W092,Limestone,2479,2830
W093,Conglomerate,0,380
W093,Sandstone,380,1316
W093,Shale,1316,2412
W093,Limestone,2412,2760
W094,Sandstone,0,1284
W094,Shale,1284,2395
W094,Limestone,2395,2760
W095,Conglomerate,0,321
W095,Sandstone,321,1342
W095,Shale,1342,2373
W095,Limestone,2373,2730
W096,Conglomerate,0,436
W096,Sandstone,436,1512
W096,Shale,1512,2783
W096,Limestone,2783,3180
W097,Conglomerate,0,363
W097,Sandstone,363,1593
W097,Shale,1593,2817
W097,Limestone,2817,3250
W098,Conglomerate,0,429
W098,Sandstone,429,1532
W098,Shale,1532,2701
W098,Limestone,2701,3120
W099,Sandstone,0,1555
W099,Shale,1555,2709
W099,Limestone,2709,3110
W100,Conglomerate,0,484
W100,Sandstone,484,1675
W100,Shale,1675,2967
W100,Limestone,2967,3400
W101,Conglomerate,0,404
W101,Sandstone,404,1360
W101,Shale,1360,2437
W101,Limestone,2437,2780
W102,Conglomerate,0,322
W102,Sandstone,322,1353
W102,Shale,1353,2481
W102,Limestone,2481,2850
W103,Sandstone,0,1647
W103,Shale,1647,2910
W103,Limestone,2910,3340
W104,Conglomerate,0,431
W104,Sandstone,431,1604
W104,Shale,1604,2926
W104,Limestone,2926,3370
W105,Conglomerate,0,407
W105,Sandstone,407,1348
W105,Shale,1348,2474
W105,Limestone,2474,2860
W106,Sandstone,0,1629
W106,Shale,1629,2958
W106,Limestone,2958,3400
W107,Conglomerate,0,403
W107,Sandstone,403,1364
W107,Shale,1364,2526
W107,Limestone,2526,2880
W108,Conglomerate,0,404
W108,Sandstone,404,1575
W108,Shale,1575,2768
W108,Limestone,2768,3170
W109,Claystone,0,607
W109,Shale,607,1736
W109,Conglomerate,1736,2357
W109,Sandstone,2357,2880
W110,Claystone,0,588
W110,Shale,588,1685
W110,Conglomerate,1685,2338
W110,Sandstone,2338,2860
W111,Claystone,0,694
W111,Shale,694,1830
W111,Conglomerate,1830,2457
W111,Sandstone,2457,3030
W112,Claystone,0,607
W112,Shale,607,1794
W112,Conglomerate,1794,2416
W112,Sandstone,2416,2970
W113,Claystone,0,684
W113,Shale,684,1972
W113,Conglomerate,1972,2665
W113,Sandstone,2665,3310
W114,Claystone,0,665
W114,Shale,665,1953
W114,Conglomerate,1953,2672
W114,Sandstone,2672,3300
W115,Claystone,0,714
W115,Shale,714,1928
W115,Conglomerate,1928,2604
W115,Sandstone,2604,3210
W116,Claystone,0,679
W116,Shale,679,1817
W116,Conglomerate,1817,2466
W116,Sandstone,2466,3010
W117,Claystone,0,638
W117,Shale,638,1741
W117,Conglomerate,1741,2416
W117,Sandstone,2416,2940
W118,Claystone,0,603
W118,Shale,603,1763
W118,Conglomerate,1763,2470
W118,Sandstone,2470,3010
W119,Claystone,0,626
W119,Shale,626,1777
W119,Conglomerate,1777,2427
W119,Sandstone,2427,3000
W120,Claystone,0,660
W120,Shale,660,1831
W120,Conglomerate,1831,2506
W120,Sandstone,2506,3060
W121,Claystone,0,667
W121,Shale,667,1942
W121,Conglomerate,1942,2703
W121,Sandstone,2703,3300
W122,Claystone,0,671
W122,Shale,671,1795
W122,Conglomerate,1795,2519
W122,Sandstone,2519,3070
W123,Claystone,0,614
W123,Shale,614,1818
W123,Conglomerate,1818,2450
W123,Sandstone,2450,3010
W124,Claystone,0,708
W124,Shale,708,1864
W124,Conglomerate,1864,2571
W124,Sandstone,2571,3140
W125,Claystone,0,503
W125,Conglomerate,503,1895
W125,Sandstone,1895,2545
W125,Limestone,2545,2950
W126,Claystone,0,504
W126,Conglomerate,504,1857
W126,Sandstone,1857,2565
W126,Limestone,2565,2970
W127,Claystone,0,582
W127,Conglomerate,582,1957
W127,Sandstone,1957,2687
W127,Limestone,2687,3090
W128,Claystone,0,526
W128,Conglomerate,526,1948
W128,Sandstone,1948,2650
W128,Limestone,2650,3040
W129,Claystone,0,509
W129,Conglomerate,509,1869
W129,Sandstone,1869,2560
W129,Limestone,2560,2960
W130,Claystone,0,467
W130,Conglomerate,467,1947
W130,Sandstone,1947,2696
W130,Limestone,2696,3110
W131,Claystone,0,544
W131,Conglomerate,544,2062
W131,Sandstone,2062,2855
W131,Limestone,2855,3290
W132,Claystone,0,431
W132,Conglomerate,431,1704
W132,Sandstone,1704,2393
W132,Limestone,2393,2740
W133,Conglomerate,0,2011
W133,Sandstone,2011,2782
W133,Limestone,2782,3210
W134,Claystone,0,481
W134,Conglomerate,481,1719
W134,Sandstone,1719,2327
W134,Limestone,2327,2690
W135,Claystone,0,483
W135,Conglomerate,483,1895
W135,Sandstone,1895,2652
W135,Limestone,2652,3040
W136,Claystone,0,522
W136,Conglomerate,522,2036
W136,Sandstone,2036,2751
W136,Limestone,2751,3170
W137,Claystone,0,500
W137,Conglomerate,500,1835
W137,Sandstone,1835,2482
W137,Limestone,2482,2870
W138,Claystone,0,505
W138,Conglomerate,505,1998
W138,Sandstone,1998,2708
W138,Limestone,2708,3110
W139,Claystone,0,502
W139,Conglomerate,502,1856
W139,Sandstone,1856,2559
W139,Limestone,2559,2950
W140,Claystone,0,451
W140,Conglomerate,451,1690
W140,Sandstone,1690,2330
W140,Limestone,2330,2700
W141,Claystone,0,778
W141,Shale,778,2005
W141,Sandstone,2005,2850
W142,Claystone,0,548
W142,Sandstone,548,1831
W142,Shale,1831,2565
W142,Limestone,2565,3120
W143,Conglomerate,0,374
W143,Sandstone,374,1451
W143,Shale,1451,2250
